{
  "current": "Base",
  "presets": {
    "Base": {
      "brand_main_color": "#53b090",
      "body_background_color": "#ffffff",
      "gradient_color_text": "#ffffff",
      "gradient_bg_color": "#d6c2aa",
      "headings_color": "#000000",
      "body_font_color": "#444444",
      "main_link_color": "#444444",
      "footer_color_text": "#000000",
      "footer_bg_color": "#f2ece4",
      "main_link_color_hover": "#53b090",
      "newsletter_bg": "#f3f2e9",
      "topnav_bg_color": "#53b090",
      "topnav_text_color": "#ffffff",
      "topnav_text_color_hover": "#34745e",
      "main_navbar_bg": "#ffffff",
      "main_navbar_text_color": "#515151",
      "main_navbar_text_color_hover": "#53b090",
      "btn_text_color": "#ffffff",
      "btn_bg_color": "#53b090",
      "btn_text_color_hover": "#ffffff",
      "btn_bg_color_hover": "#45987b",
      "btn_slide_1_text": "#ffffff",
      "btn_slide_1_bg": "#53b090",
      "btn_slide_1_text_over": "#45987b",
      "btn_slide_1_bg_over": "#ffffff",
      "btn_slide_2_text": "#ffffff",
      "btn_slide_2_bg": "#53b090",
      "btn_slide_2_text_over": "#45987b",
      "btn_slide_2_bg_over": "#ffffff",
      "btn_slide_3_text": "#ffffff",
      "btn_slide_3_bg": "#53b090",
      "btn_slide_3_text_over": "#45987b",
      "btn_slide_3_bg_over": "#ffffff",
      "btn_slide_4_text": "#ffffff",
      "btn_slide_4_bg": "#53b090",
      "btn_slide_4_text_over": "#45987b",
      "btn_slide_4_bg_over": "#ffffff",
      "product_card_background_color": "#ffffff",
      "product_compared_price_color": "#ff0000",
      "body_font": "Google+Source+Sans+Pro",
      "body_font_weight": "400",
      "body_font_size": "16",
      "heading_font": "Google+Source+Sans+Pro",
      "heading_font_weight": "300",
      "heading_font_size": "36",
      "use_favicon": false,
      "favicon.png": "",
      "use_apple_icon": false,
      "apple_touch_icon.png": "",
      "use_logo": false,
      "logo.png": "",
      "header_display_search": true,
      "header_display_my_account": true,
      "footer_use_logo": false,
      "footer_logo.png": "",
      "footer_display_newsletter": true,
      "mailing_list_title": "Suscríbete a nuestro newsletter",
      "mailing_list_text": "Sólo te enviaremos lo más destacado",
      "featured_collection_trending": "bicicletas",
      "feature_products_trending_title": "Productos Destacados",
      "featured_collection_latest": "bicicletas",
      "feature_latest_products_title": "Productos Recientes",
      "frontpage_section_1": "featured-slider",
      "frontpage_section_2": "featured-banners",
      "frontpage_section_3": "featured-latest-products",
      "frontpage_section_4": "featured-video",
      "frontpage_section_5": "featured-products-trendings",
      "frontpage_section_6": "featured-blog",
      "footer_display_social": true,
      "facebook_link": "https://fb.com/ShopertiHQ",
      "twitter_link": "https://twitter.com/shoperti",
      "instagram_link": "",
      "google_link": "",
      "youtube_link": "",
      "vimeo_link": "",
      "pinterest_link": "",
      "tumblr_link": "",
      "whatsapp_link": "",
      "accept_visa": true,
      "accept_mastercard": true,
      "accept_amex": true,
      "accept_paypal": true,
      "accept_oxxo": false,
      "accept_cash": false,
      "accept_spei": false,
      "footer_display_contact_data": true,
      "footer_contact_data": "Calle Principal #10\r\n+52 1 123 456 7890",
      "featured_blog": "noticias",
      "featured_blog_title": "Nuestro Blog",
      "featured_posts_limit": "4",
      "banner_1": true,
      "banner_1_image": "",
      "banner_1_title": "Mini Banner 1",
      "banner_1_url": "",
      "banner_2": true,
      "banner_2_image": "",
      "banner_2_title": "Mini Banner 2",
      "banner_2_url": "",
      "banner_3": true,
      "banner_3_image": "",
      "banner_3_title": "Mini Banner 3",
      "banner_3_url": "",
      "slider_is_responsive": true,
      "slide_1": true,
      "slide_1_image": "",
      "slide_1_image_show": true,
      "slide_1_title": "Título",
      "slide_1_desc": "Descripción",
      "slide_1_btn_show": true,
      "slide_1_btn_text": "Ver más",
      "slide_1_link": "",
      "slide_1_dark": false,
      "slide_1_overlay": "rgba(0,0,0,.3)",
      "slide_1_overlay_show": false,
      "slide_2": true,
      "slide_2_image": "",
      "slide_2_image_show": true,
      "slide_2_title": "Título",
      "slide_2_desc": "Descripción",
      "slide_2_btn_show": true,
      "slide_2_btn_text": "Ver más",
      "slide_2_link": "",
      "slide_2_dark": true,
      "slide_2_overlay": "rgba(0,0,0,.3)",
      "slide_2_overlay_show": true,
      "slide_3": true,
      "slide_3_image": "",
      "slide_3_image_show": true,
      "slide_3_title": "Título",
      "slide_3_desc": "Descripción",
      "slide_3_btn_show": false,
      "slide_3_btn_text": "Ver más",
      "slide_3_link": "",
      "slide_3_dark": true,
      "slide_3_overlay": "rgba(255,255,255,1)",
      "slide_3_overlay_show": true,
      "slide_4": false,
      "slide_4_image": "",
      "slide_4_image_show": false,
      "slide_4_title": "",
      "slide_4_desc": "",
      "slide_4_btn_show": false,
      "slide_4_btn_text": "Ver más",
      "slide_4_link": "",
      "slide_4_dark": false,
      "slide_4_overlay": "rgba(0,0,0,.3)",
      "slide_4_overlay_show": false,
      "map_is_enabled": false,
      "map_address": "Mexico City",
      "map_zoom": "14",
      "map_marker": true,
      "map_api_key": "",
      "video_enable": true,
      "video_bg_color": "#f3f2e9",
      "video_url": "",
      "video_url_type": "youtube",
      "video_format_size": "16by9",
      "collections_display_intro_text": true,
      "collections_intro_text": "",
      "enable_product_image_zoom": true,
      "product_image_zoom_in_text": "Clic para zoom",
      "product_image_zoom_out_text": "Clic para salir",
      "show_vendor_name": true,
      "show_sku_code": false,
      "enable_share_products": true,
      "enable_share_blog": true,
      "share_facebook": true,
      "share_twitter": true,
      "share_pinterest": true,
      "share_google": true,
      "display_sidebar_collections": true,
      "display_sidebar_categories": true,
      "display_sidebar_menu": true,
      "display_sidebar_menu_title": "Menú",
      "display_sidebar_menu_name": "main",
      "footer_show_main_menu": true,
      "footer_main_menu": "footer",
      "footer_main_title": "Menú",
      "footer_show_secondary_menu": false,
      "footer_secondary_menu_title": "",
      "footer_secondary_menu": "",
      "btn_product_buy_in_list": true,
      "btn_product_buy_now_text": "COMPRAR",
      "btn_product_view_now_text": "VER",
      "orderby_name": true,
      "orderby_created": true,
      "orderby_price": true,
      "orderby_name_ascending_text": "Alfabéticamente A-Z",
      "orderby_name_descending_text": "Alfabéticamente Z-A",
      "orderby_created_ascending_text": "Fecha: Nuevos a viejos",
      "orderby_created_descending_text": "Fecha: Viejos a nuevos",
      "orderby_price_ascending_text": "Precio: Menor a mayor",
      "orderby_price_descending_text": "Precio: Mayor a menor",
      "enabled_gift_option": false,
      "gift_title_message":"Esto es un regalo. Incluir el siguiente mensaje (150 caracteres máximo).",
      "gift_btn_message": "Guardar",
      "enabled_customer_note_option": true,
      "customer_title_note": "Agrega alguna nota o comentario al vendedor:",
      "customer_btn_note_text": "Agregar nota"
    }
  }
}
